"Labour force characteristics by industry, annual" 1
"Annual"
"Table: 14-10-0023-01 (formerly CANSIM 282-0008)"
"Release date: 2021-01-25"
"Geography: Canada, Province or territory"

"","Canada",,,,,,,,,,,,,,,,,,,,"Quebec",,,,,,,,,,,,,,,,,,,,"Ontario",,,,,,,,,,,,,,,,,,,,"British Columbia",,,,,,,,,,,,,,,,,,,
"","Labour force 4",,,,"Employment 5",,,,"Full-time employment 6",,,,"Part-time employment 7",,,,"Unemployment rate 8",,,,"Labour force 4",,,,"Employment 5",,,,"Full-time employment 6",,,,"Part-time employment 7",,,,"Unemployment rate 8",,,,"Labour force 4",,,,"Employment 5",,,,"Full-time employment 6",,,,"Part-time employment 7",,,,"Unemployment rate 8",,,,"Labour force 4",,,,"Employment 5",,,,"Full-time employment 6",,,,"Part-time employment 7",,,,"Unemployment rate 8",,,
"","Total, all industries 9",,,,"Total, all industries 9",,,,"Total, all industries 9",,,,"Total, all industries 9",,,,"Total, all industries 9",,,,"Total, all industries 9",,,,"Total, all industries 9",,,,"Total, all industries 9",,,,"Total, all industries 9",,,,"Total, all industries 9",,,,"Total, all industries 9",,,,"Total, all industries 9",,,,"Total, all industries 9",,,,"Total, all industries 9",,,,"Total, all industries 9",,,,"Total, all industries 9",,,,"Total, all industries 9",,,,"Total, all industries 9",,,,"Total, all industries 9",,,,"Total, all industries 9",,,
"","Both sexes",,,,"Both sexes",,,,"Both sexes",,,,"Both sexes",,,,"Both sexes",,,,"Both sexes",,,,"Both sexes",,,,"Both sexes",,,,"Both sexes",,,,"Both sexes",,,,"Both sexes",,,,"Both sexes",,,,"Both sexes",,,,"Both sexes",,,,"Both sexes",,,,"Both sexes",,,,"Both sexes",,,,"Both sexes",,,,"Both sexes",,,,"Both sexes",,,
"Reference period","15 years and over (x 1,000)","15 to 24 years (x 1,000)","25 to 54 years (x 1,000)","55 years and over (x 1,000)","15 years and over (x 1,000)","15 to 24 years (x 1,000)","25 to 54 years (x 1,000)","55 years and over (x 1,000)","15 years and over (x 1,000)","15 to 24 years (x 1,000)","25 to 54 years (x 1,000)","55 years and over (x 1,000)","15 years and over (x 1,000)","15 to 24 years (x 1,000)","25 to 54 years (x 1,000)","55 years and over (x 1,000)","15 years and over","15 to 24 years","25 to 54 years","55 years and over","15 years and over (x 1,000)","15 to 24 years (x 1,000)","25 to 54 years (x 1,000)","55 years and over (x 1,000)","15 years and over (x 1,000)","15 to 24 years (x 1,000)","25 to 54 years (x 1,000)","55 years and over (x 1,000)","15 years and over (x 1,000)","15 to 24 years (x 1,000)","25 to 54 years (x 1,000)","55 years and over (x 1,000)","15 years and over (x 1,000)","15 to 24 years (x 1,000)","25 to 54 years (x 1,000)","55 years and over (x 1,000)","15 years and over","15 to 24 years","25 to 54 years","55 years and over","15 years and over (x 1,000)","15 to 24 years (x 1,000)","25 to 54 years (x 1,000)","55 years and over (x 1,000)","15 years and over (x 1,000)","15 to 24 years (x 1,000)","25 to 54 years (x 1,000)","55 years and over (x 1,000)","15 years and over (x 1,000)","15 to 24 years (x 1,000)","25 to 54 years (x 1,000)","55 years and over (x 1,000)","15 years and over (x 1,000)","15 to 24 years (x 1,000)","25 to 54 years (x 1,000)","55 years and over (x 1,000)","15 years and over","15 to 24 years","25 to 54 years","55 years and over","15 years and over (x 1,000)","15 to 24 years (x 1,000)","25 to 54 years (x 1,000)","55 years and over (x 1,000)","15 years and over (x 1,000)","15 to 24 years (x 1,000)","25 to 54 years (x 1,000)","55 years and over (x 1,000)","15 years and over (x 1,000)","15 to 24 years (x 1,000)","25 to 54 years (x 1,000)","55 years and over (x 1,000)","15 years and over (x 1,000)","15 to 24 years (x 1,000)","25 to 54 years (x 1,000)","55 years and over (x 1,000)","15 years and over","15 to 24 years","25 to 54 years","55 years and over"
"","Persons",,,,,,,,,,,,,,,,"Percentage",,,,"Persons",,,,,,,,,,,,,,,,"Percentage",,,,"Persons",,,,,,,,,,,,,,,,"Percentage",,,,"Persons",,,,,,,,,,,,,,,,"Percentage",,,
"1976","10,491.3","2,891.9","6,410.7","1,188.7","9,747.5","2,533.6","6,071.8","1,142.1","8,529.7","2,000.0","5,539.2","990.5","1,217.8","533.6","532.5","151.7","7.1","12.4","5.3","3.9","2,785.5","780.0","1,725.1","280.3","2,543.4","661.1","1,616.0","266.3","2,314.8","564.7","1,511.6","238.6","228.6","96.5","104.4","27.7","8.7","15.2","6.3","5.0","3,985.5","1,037.4","2,479.7","468.4","3,740.7","924.5","2,363.2","453.1","3,235.7","690.9","2,152.6","392.3","505.0","233.5","210.6","60.8","6.1","10.9","4.7","3.3","1,158.7","313.2","718.4","127.2","1,060.9","268.0","673.0","120.0","902.3","202.8","600.0","99.4","158.7","65.1","73.0","20.5","8.4","14.4","6.3","5.7"
"1977","10,785.2","2,983.6","6,605.7","1,195.8","9,917.1","2,571.3","6,207.1","1,138.7","8,626.5","2,012.3","5,631.0","983.2","1,290.6","559.0","576.1","155.5","8.0","13.8","6.0","4.8","2,852.0","788.7","1,783.8","279.6","2,556.0","650.3","1,644.8","260.9","2,306.4","549.1","1,525.4","231.9","249.6","101.2","119.3","29.0","10.4","17.5","7.8","6.7","4,086.4","1,076.6","2,535.5","474.3","3,803.9","943.4","2,406.2","454.3","3,272.1","700.1","2,180.1","391.8","531.8","243.3","226.1","62.4","6.9","12.4","5.1","4.2","1,188.3","323.4","734.8","130.1","1,089.1","277.2","688.6","123.4","923.6","208.3","611.0","104.4","165.5","68.9","77.6","19.0","8.3","14.3","6.3","5.1"
"1978","11,154.6","3,065.8","6,871.1","1,217.7","10,220.3","2,635.8","6,428.9","1,155.6","8,871.5","2,055.4","5,821.3","994.8","1,348.8","580.4","607.7","160.8","8.4","14.0","6.4","5.1","2,917.6","801.3","1,826.3","290.0","2,596.1","659.2","1,668.6","268.3","2,326.8","553.9","1,535.0","237.9","269.4","105.3","133.6","30.5","11.0","17.7","8.6","7.5","4,228.2","1,109.7","2,638.7","479.8","3,923.6","967.9","2,496.5","459.3","3,378.9","714.0","2,267.7","397.2","544.8","253.9","228.8","62.1","7.2","12.8","5.4","4.3","1,240.0","333.2","775.9","130.9","1,137.5","287.4","726.0","124.2","968.5","216.4","647.3","104.8","169.0","71.0","78.6","19.4","8.3","13.7","6.4","5.2"
"1979","11,536.7","3,177.7","7,098.4","1,260.6","10,668.6","2,774.9","6,688.0","1,205.6","9,201.8","2,138.4","6,035.5","1,027.9","1,466.8","636.6","652.5","177.6","7.5","12.7","5.8","4.4","2,982.6","816.6","1,875.9","290.2","2,692.0","685.6","1,732.9","273.6","2,392.6","562.8","1,588.2","241.6","299.4","122.7","144.6","32.0","9.7","16.0","7.6","5.7","4,381.1","1,158.0","2,710.9","512.2","4,092.8","1,024.3","2,576.0","492.6","3,494.2","746.3","2,329.2","418.8","598.6","278.0","246.8","73.8","6.6","11.6","5.0","3.8","1,288.2","348.6","801.8","137.7","1,188.5","304.0","754.6","130.0","1,003.1","226.3","669.3","107.5","185.5","77.7","85.3","22.5","7.7","12.8","5.9","5.7"
"1980","11,879.4","3,253.5","7,353.2","1,272.7","10,984.0","2,836.2","6,929.5","1,218.3","9,415.3","2,167.8","6,214.1","1,033.4","1,568.7","668.4","715.5","184.9","7.5","12.8","5.8","4.3","3,062.8","833.0","1,929.3","300.4","2,756.2","693.8","1,779.6","282.8","2,428.4","560.6","1,616.5","251.2","327.8","133.1","163.1","31.6","10.0","16.7","7.8","5.9","4,472.8","1,178.7","2,788.2","505.9","4,165.1","1,035.3","2,644.6","485.2","3,541.6","751.6","2,378.4","411.6","623.5","283.7","266.2","73.6","6.9","12.2","5.1","4.1","1,357.2","363.6","846.3","147.3","1,266.4","322.4","803.1","140.9","1,056.1","239.0","704.7","112.3","210.4","83.4","98.4","28.6","6.7","11.3","5.1","4.3"
"1981","12,235.8","3,284.7","7,659.8","1,291.3","11,305.0","2,865.0","7,203.0","1,237.0","9,631.3","2,151.6","6,431.7","1,048.0","1,673.7","713.4","771.3","188.9","7.6","12.8","6.0","4.2","3,120.0","819.9","1,999.8","300.3","2,791.2","680.5","1,828.1","282.6","2,434.0","533.1","1,650.6","250.2","357.3","147.4","177.5","32.4","10.5","17.0","8.6","5.9","4,594.8","1,195.9","2,876.4","522.5","4,292.5","1,054.1","2,735.6","502.8","3,627.9","754.7","2,447.1","426.0","664.6","299.4","288.5","76.8","6.6","11.9","4.9","3.8","1,416.0","373.3","895.5","147.2","1,319.6","331.5","846.5","141.6","1,101.3","242.0","742.9","116.4","218.3","89.5","103.6","25.2","6.8","11.2","5.5","3.8"
"1982","12,301.8","3,153.7","7,840.4","1,307.7","10,943.7","2,578.4","7,142.4","1,222.9","9,202.7","1,847.4","6,333.8","1,021.5","1,740.9","731.0","808.6","201.4","11.0","18.2","8.9","6.5","3,069.5","761.6","2,011.9","296.1","2,640.1","589.6","1,779.4","271.1","2,266.8","435.2","1,595.6","236.0","373.4","154.5","183.7","35.2","14.0","22.6","11.6","8.4","4,655.9","1,172.0","2,946.4","537.5","4,198.6","976.4","2,717.1","505.1","3,508.3","664.6","2,421.7","422.0","690.3","311.8","295.4","83.1","9.8","16.7","7.8","6.0","1,426.8","352.8","924.7","149.3","1,253.4","279.6","836.9","136.8","1,030.1","195.5","724.4","110.2","223.3","84.2","112.5","26.6","12.1","20.7","9.5","8.4"
"1983","12,527.6","3,112.4","8,099.1","1,316.1","11,022.0","2,513.4","7,292.9","1,215.8","9,173.1","1,749.3","6,418.8","1,005.0","1,848.9","764.1","874.1","210.7","12.0","19.2","10.0","7.6","3,127.2","753.6","2,070.3","303.3","2,683.8","585.9","1,823.4","274.6","2,286.7","426.2","1,623.9","236.6","397.1","159.7","199.5","38.0","14.2","22.3","11.9","9.5","4,743.5","1,170.3","3,042.6","530.7","4,249.0","967.8","2,787.7","493.6","3,527.1","643.7","2,473.3","410.2","721.9","324.0","314.4","83.4","10.4","17.3","8.4","7.0","1,445.7","340.1","954.9","150.6","1,244.9","262.6","844.4","137.9","1,002.0","171.9","721.1","109.0","242.9","90.6","123.3","28.9","13.9","22.8","11.6","8.4"
"1984","12,747.9","3,070.2","8,349.7","1,327.9","11,301.7","2,537.0","7,534.4","1,230.3","9,410.2","1,741.2","6,654.5","1,014.5","1,891.5","795.8","879.9","215.8","11.3","17.4","9.8","7.3","3,178.4","738.8","2,138.0","301.7","2,762.5","595.0","1,892.9","274.5","2,356.4","423.0","1,697.2","236.2","406.1","172.0","195.7","38.3","13.1","19.5","11.5","9.0","4,844.7","1,172.9","3,132.5","539.3","4,410.2","1,005.0","2,898.4","506.8","3,670.3","667.4","2,582.3","420.5","739.9","337.6","316.1","86.3","9.0","14.3","7.5","6.0","1,464.8","330.0","982.4","152.4","1,245.1","254.9","853.8","136.4","1,005.5","164.7","733.2","107.7","239.5","90.3","120.6","28.7","15.0","22.8","13.1","10.6"
"1985","13,026.1","3,039.2","8,645.5","1,341.4","11,658.0","2,559.8","7,858.2","1,240.0","9,672.6","1,739.6","6,912.8","1,020.2","1,985.4","820.2","945.4","219.8","10.5","15.8","9.1","7.6","3,243.6","723.8","2,220.2","299.6","2,848.6","597.2","1,981.6","269.7","2,398.9","417.6","1,750.8","230.5","449.7","179.5","230.9","39.3","12.2","17.5","10.7","10.0","4,970.9","1,171.8","3,242.4","556.6","4,576.6","1,025.3","3,027.0","524.3","3,806.1","679.1","2,694.0","433.1","770.5","346.2","333.0","91.3","7.9","12.5","6.6","5.8","1,493.1","327.5","1,013.5","152.1","1,279.7","259.1","885.6","135.0","1,030.7","161.8","760.9","108.1","249.0","97.3","124.7","26.9","14.3","20.9","12.6","11.2"
"1986","13,282.7","3,027.1","8,931.4","1,324.3","12,008.5","2,583.4","8,191.1","1,234.0","9,977.3","1,740.1","7,226.8","1,010.4","2,031.2","843.4","964.2","223.6","9.6","14.7","8.3","6.8","3,296.9","715.4","2,290.9","290.6","2,933.5","598.6","2,070.7","264.3","2,475.0","412.6","1,839.6","222.8","458.6","186.0","231.1","41.5","11.0","16.3","9.6","9.1","5,089.8","1,172.8","3,365.8","551.2","4,733.9","1,040.9","3,170.2","522.8","3,953.6","688.4","2,830.3","434.9","780.3","352.4","339.9","87.9","7.0","11.2","5.8","5.1","1,526.3","333.8","1,040.3","152.2","1,331.8","270.6","923.7","137.6","1,068.1","170.2","791.7","106.1","263.7","100.3","132.0","31.4","12.7","18.9","11.2","9.7"
"1987","13,526.0","2,967.2","9,224.0","1,334.9","12,333.0","2,575.1","8,510.3","1,247.6","10,281.4","1,739.5","7,527.3","1,014.7","2,051.6","835.6","983.1","232.9","8.8","13.2","7.7","6.5","3,363.9","697.2","2,369.9","296.8","3,022.1","597.2","2,151.4","273.5","2,571.0","419.7","1,922.9","228.4","451.1","177.5","228.5","45.1","10.2","14.3","9.2","7.9","5,213.6","1,170.3","3,488.8","554.4","4,895.6","1,059.4","3,307.8","528.4","4,099.2","705.1","2,957.8","436.2","796.4","354.3","350.0","92.2","6.1","9.5","5.2","4.7","1,566.8","330.3","1,082.6","153.9","1,377.7","270.1","969.0","138.5","1,114.2","172.4","834.3","107.5","263.4","97.8","134.7","31.0","12.1","18.2","10.5","10.0"
"1988","13,779.1","2,891.6","9,539.1","1,348.4","12,709.6","2,559.1","8,879.9","1,270.5","10,573.9","1,696.2","7,849.7","1,028.0","2,135.7","863.0","1,030.3","242.5","7.8","11.5","6.9","5.8","3,404.6","678.6","2,428.4","297.5","3,081.4","590.4","2,215.3","275.6","2,616.1","411.3","1,973.2","231.6","465.3","179.1","242.2","44.1","9.5","13.0","8.8","7.4","5,352.5","1,146.3","3,643.3","562.9","5,083.1","1,056.2","3,485.2","541.7","4,240.0","683.3","3,116.3","440.4","843.2","372.9","368.9","101.4","5.0","7.9","4.3","3.7","1,598.8","320.8","1,121.8","156.2","1,434.6","273.5","1,019.7","141.5","1,160.7","171.4","877.8","111.4","274.0","102.1","141.8","30.1","10.3","14.7","9.1","9.5"
"1989","14,057.0","2,838.9","9,865.2","1,352.9","12,996.2","2,528.1","9,192.9","1,275.2","10,835.0","1,657.0","8,157.9","1,020.1","2,161.2","871.0","1,034.9","255.2","7.5","10.9","6.8","5.7","3,461.2","659.7","2,500.4","301.0","3,128.8","572.8","2,278.6","277.3","2,657.3","390.7","2,039.0","227.6","471.4","182.1","239.6","49.8","9.6","13.2","8.9","7.9","5,473.0","1,126.1","3,784.3","562.7","5,199.0","1,039.6","3,616.6","542.8","4,338.1","657.1","3,245.4","435.6","860.9","382.5","371.2","107.2","5.0","7.7","4.4","3.5","1,659.3","327.9","1,174.3","157.2","1,508.3","286.5","1,079.7","142.1","1,243.1","187.9","940.8","114.4","265.3","98.6","138.9","27.7","9.1","12.6","8.1","9.6"
"1990","14,244.6","2,744.2","10,138.1","1,362.4","13,086.4","2,405.3","9,393.1","1,288.0","10,867.6","1,531.5","8,307.7","1,028.4","2,218.8","873.8","1,085.4","259.6","8.1","12.3","7.3","5.5","3,505.4","633.6","2,570.6","301.2","3,140.3","540.8","2,321.9","277.5","2,655.6","355.5","2,064.5","235.5","484.7","185.3","257.4","42.0","10.4","14.6","9.7","7.9","5,535.7","1,086.0","3,878.6","571.0","5,194.1","977.3","3,666.7","550.2","4,309.7","592.5","3,275.3","441.9","884.5","384.7","391.5","108.3","6.2","10.0","5.5","3.7","1,703.0","322.3","1,223.4","157.4","1,559.6","281.5","1,131.0","147.2","1,281.3","185.2","984.9","111.2","278.3","96.2","146.1","36.0","8.4","12.7","7.6","6.5"
"1991","14,336.3","2,656.3","10,321.9","1,358.2","12,857.4","2,235.4","9,367.4","1,254.6","10,525.7","1,324.5","8,213.7","987.4","2,331.7","910.8","1,153.7","267.2","10.3","15.8","9.2","7.6","3,510.9","606.9","2,606.4","297.6","3,084.4","496.4","2,320.1","267.9","2,566.2","300.3","2,045.9","220.0","518.2","196.1","274.2","47.9","12.1","18.2","11.0","10.0","5,546.6","1,032.5","3,953.2","560.8","5,017.1","876.8","3,617.5","522.7","4,104.0","490.8","3,207.3","405.8","913.1","386.0","410.1","116.9","9.5","15.1","8.5","6.8","1,750.8","324.0","1,266.5","160.3","1,577.5","276.6","1,154.2","146.7","1,270.9","168.3","986.9","115.7","306.6","108.3","167.3","31.0","9.9","14.6","8.9","8.5"
"1992","14,336.1","2,569.7","10,412.3","1,354.1","12,730.9","2,127.1","9,366.8","1,237.0","10,370.8","1,215.5","8,184.4","970.9","2,360.1","911.6","1,182.4","266.2","11.2","17.2","10.0","8.6","3,481.0","575.8","2,605.7","299.5","3,038.6","473.7","2,299.6","265.3","2,518.4","275.2","2,025.7","217.6","520.1","198.6","273.9","47.7","12.7","17.7","11.8","11.4","5,528.9","999.2","3,980.5","549.2","4,932.9","822.8","3,605.8","504.2","4,019.3","445.8","3,181.9","391.7","913.5","377.0","423.9","112.6","10.8","17.7","9.4","8.2","1,799.8","324.0","1,307.1","168.8","1,617.2","273.4","1,188.5","155.3","1,302.6","162.0","1,017.4","123.1","314.6","111.4","171.0","32.2","10.1","15.6","9.1","8.0"
"1993","14,435.0","2,502.5","10,586.1","1,346.3","12,792.7","2,072.3","9,499.2","1,221.3","10,336.6","1,132.1","8,252.8","951.6","2,456.1","940.1","1,246.4","269.6","11.4","17.2","10.3","9.3","3,493.7","560.0","2,637.4","296.4","3,030.9","454.8","2,316.7","259.4","2,495.4","253.1","2,030.3","212.1","535.5","201.7","286.5","47.3","13.2","18.8","12.2","12.5","5,543.5","960.6","4,042.3","540.6","4,938.0","790.5","3,650.3","497.3","3,973.8","390.7","3,193.4","389.8","964.2","399.8","456.9","107.5","10.9","17.7","9.7","8.0","1,847.8","322.4","1,352.1","173.3","1,668.0","277.5","1,234.6","155.8","1,340.4","169.0","1,054.0","117.4","327.5","108.5","180.6","38.5","9.7","13.9","8.7","10.1"
"1994","14,573.7","2,485.0","10,707.2","1,381.5","13,058.7","2,090.0","9,705.6","1,263.2","10,586.1","1,150.0","8,458.2","978.0","2,472.6","940.0","1,247.5","285.1","10.4","15.9","9.4","8.6","3,529.9","569.8","2,657.2","302.9","3,094.8","473.7","2,353.8","267.2","2,566.1","265.3","2,084.3","216.6","528.6","208.5","269.6","50.6","12.3","16.9","11.4","11.8","5,548.2","933.5","4,068.1","546.6","5,013.6","786.7","3,721.8","505.1","4,062.4","397.2","3,270.9","394.3","951.2","389.5","450.9","110.8","9.6","15.7","8.5","7.6","1,918.4","326.5","1,400.1","191.7","1,743.2","279.4","1,286.6","177.3","1,380.9","164.8","1,086.5","129.6","362.3","114.5","200.1","47.7","9.1","14.5","8.1","7.5"
"1995","14,689.2","2,462.2","10,864.7","1,362.4","13,295.4","2,096.9","9,941.3","1,257.1","10,798.5","1,151.3","8,668.7","978.5","2,496.9","945.6","1,272.6","278.7","9.5","14.8","8.5","7.7","3,540.9","561.6","2,684.7","294.6","3,135.3","471.3","2,402.5","261.5","2,593.0","265.3","2,112.2","215.4","542.4","206.0","290.3","46.1","11.5","16.1","10.5","11.2","5,589.1","919.2","4,127.9","541.9","5,100.0","784.0","3,810.9","505.1","4,144.0","389.8","3,364.2","390.0","956.1","394.2","446.8","115.1","8.7","14.7","7.7","6.8","1,950.9","324.7","1,440.5","185.7","1,785.6","279.3","1,333.5","172.9","1,431.0","163.7","1,132.5","134.8","354.6","115.6","200.9","38.1","8.5","14.0","7.4","6.9"
"1996","14,848.5","2,437.7","11,029.2","1,381.7","13,420.1","2,062.1","10,076.1","1,281.9","10,860.1","1,121.1","8,745.3","993.7","2,560.1","941.0","1,330.8","288.2","9.6","15.4","8.6","7.2","3,552.3","552.5","2,700.6","299.2","3,132.7","451.0","2,410.7","270.9","2,573.1","250.8","2,110.4","211.9","559.5","200.2","300.3","59.0","11.8","18.4","10.7","9.5","5,678.2","918.9","4,213.4","545.9","5,165.9","781.8","3,872.6","511.4","4,172.1","387.7","3,386.4","398.0","993.7","394.1","486.2","113.4","9.0","14.9","8.1","6.3","1,985.9","315.1","1,478.6","192.2","1,813.4","270.2","1,363.4","179.8","1,448.6","153.0","1,155.1","140.5","364.8","117.2","208.2","39.3","8.7","14.2","7.8","6.5"
"1997","15,080.6","2,423.7","11,218.5","1,438.3","13,708.2","2,029.6","10,339.9","1,338.7","11,093.5","1,107.1","8,949.1","1,037.3","2,614.7","922.5","1,390.8","301.3","9.1","16.3","7.8","6.9","3,583.6","539.5","2,725.2","318.8","3,174.5","435.6","2,450.6","288.4","2,607.7","242.5","2,135.5","229.6","566.9","193.1","315.1","58.7","11.4","19.3","10.1","9.6","5,776.1","917.2","4,290.6","568.3","5,290.7","765.7","3,990.5","534.4","4,277.9","378.6","3,485.9","413.3","1,012.8","387.1","504.6","121.1","8.4","16.5","7.0","6.0","2,031.6","318.8","1,513.3","199.5","1,859.9","270.0","1,404.2","185.7","1,473.5","153.2","1,178.8","141.5","386.4","116.8","225.4","44.2","8.5","15.3","7.2","6.9"
"1998","15,314.8","2,457.6","11,365.6","1,491.6","14,047.0","2,085.4","10,563.1","1,398.4","11,406.5","1,142.3","9,182.9","1,081.2","2,640.5","943.1","1,380.2","317.2","8.3","15.1","7.1","6.2","3,632.4","557.4","2,742.5","332.5","3,257.7","460.8","2,495.4","301.5","2,687.1","255.9","2,190.4","240.8","570.7","204.9","305.1","60.7","10.3","17.3","9.0","9.3","5,876.4","923.0","4,375.6","577.8","5,453.9","789.4","4,116.0","548.5","4,437.3","401.6","3,612.6","423.1","1,016.5","387.8","503.3","125.4","7.2","14.5","5.9","5.1","2,037.6","313.5","1,517.6","206.5","1,857.7","258.9","1,404.1","194.6","1,460.4","139.1","1,176.8","144.5","397.3","119.8","227.3","50.1","8.8","17.4","7.5","5.8"
"1999","15,583.7","2,550.9","11,480.9","1,551.9","14,402.0","2,192.3","10,743.1","1,466.6","11,754.8","1,224.1","9,385.6","1,145.0","2,647.2","968.2","1,357.4","321.6","7.6","14.1","6.4","5.5","3,669.6","581.2","2,755.6","332.7","3,326.6","489.5","2,532.7","304.5","2,768.2","283.6","2,237.6","247.0","558.4","205.8","295.0","57.6","9.3","15.8","8.1","8.5","6,017.5","970.1","4,432.3","615.1","5,635.3","841.8","4,203.8","589.7","4,621.2","447.7","3,713.0","460.5","1,014.2","394.1","490.8","129.2","6.3","13.2","5.2","4.1","2,064.0","319.1","1,528.6","216.3","1,893.7","273.4","1,416.8","203.5","1,487.6","141.9","1,193.1","152.6","406.1","131.5","223.6","50.9","8.3","14.3","7.3","5.9"
"2000","15,841.9","2,619.4","11,600.2","1,622.4","14,760.1","2,287.4","10,933.1","1,539.6","12,089.4","1,289.3","9,597.9","1,202.2","2,670.7","998.1","1,335.2","337.4","6.8","12.7","5.7","5.1","3,716.7","593.5","2,770.2","353.0","3,401.5","510.7","2,563.8","327.0","2,829.2","300.4","2,267.7","261.1","572.3","210.3","296.2","65.9","8.5","14.0","7.5","7.4","6,169.3","1,010.3","4,518.1","640.8","5,814.9","890.8","4,309.8","614.3","4,769.4","464.0","3,829.0","476.4","1,045.4","426.8","480.8","137.8","5.7","11.8","4.6","4.2","2,080.0","323.0","1,529.4","227.6","1,930.8","278.2","1,436.0","216.5","1,533.3","153.8","1,210.0","169.5","397.4","124.5","226.0","47.0","7.2","13.8","6.1","4.9"
"2001","16,094.1","2,663.6","11,739.1","1,691.3","14,932.3","2,320.7","11,013.2","1,598.4","12,229.4","1,311.0","9,658.0","1,260.4","2,702.9","1,009.8","1,355.2","338.0","7.2","12.9","6.2","5.5","3,772.7","608.3","2,794.3","370.0","3,441.3","525.4","2,576.4","339.5","2,849.3","307.8","2,270.3","271.2","592.1","217.6","306.1","68.4","8.8","13.6","7.8","8.2","6,320.6","1,028.5","4,615.9","676.2","5,921.3","899.7","4,374.5","647.1","4,864.9","474.7","3,882.0","508.2","1,056.4","425.0","492.5","138.9","6.3","12.5","5.2","4.3","2,081.6","323.5","1,529.0","229.1","1,920.9","278.2","1,426.8","215.9","1,516.9","148.9","1,198.2","169.9","404.0","129.4","228.6","46.1","7.7","14.0","6.7","5.8"
"2002","16,560.7","2,768.4","11,921.8","1,870.4","15,291.3","2,391.2","11,139.1","1,761.0","12,422.8","1,316.8","9,743.7","1,362.4","2,868.5","1,074.5","1,395.4","398.6","7.7","13.6","6.6","5.8","3,904.5","639.8","2,850.8","413.9","3,564.3","552.4","2,633.1","378.7","2,925.1","313.2","2,312.9","299.0","639.2","239.2","320.2","79.8","8.7","13.6","7.6","8.5","6,495.5","1,064.6","4,693.1","737.8","6,034.2","916.8","4,414.4","703.0","4,931.7","480.4","3,909.1","542.2","1,102.4","436.4","505.3","160.7","7.1","13.9","5.9","4.7","2,134.5","342.0","1,534.8","257.7","1,952.4","290.4","1,419.7","242.4","1,507.3","144.7","1,182.8","179.9","445.1","145.7","236.9","62.5","8.5","15.1","7.5","6.0"
"2003","16,944.2","2,826.5","12,025.0","2,092.6","15,660.8","2,441.2","11,250.1","1,969.5","12,692.4","1,336.2","9,838.8","1,517.4","2,968.4","1,105.1","1,411.3","452.1","7.6","13.6","6.4","5.9","3,992.8","654.7","2,871.1","466.9","3,628.8","562.6","2,638.8","427.4","2,956.5","313.3","2,312.8","330.4","672.3","249.3","326.0","97.0","9.1","14.1","8.1","8.5","6,676.5","1,093.3","4,754.2","829.0","6,212.9","935.9","4,484.9","792.2","5,061.4","485.9","3,967.1","608.3","1,151.5","449.9","517.7","183.9","6.9","14.4","5.7","4.4","2,171.6","343.8","1,536.5","291.4","1,998.1","294.0","1,431.5","272.6","1,552.0","150.4","1,194.6","207.0","446.1","143.6","236.9","65.6","8.0","14.5","6.8","6.5"
"2004","17,147.1","2,836.5","12,098.2","2,212.4","15,915.0","2,455.0","11,370.7","2,089.4","12,966.6","1,354.0","9,993.1","1,619.4","2,948.5","1,100.9","1,377.5","470.0","7.2","13.4","6.0","5.6","4,018.3","644.9","2,877.5","495.8","3,675.8","550.7","2,665.3","459.8","3,007.6","301.9","2,350.5","355.2","668.1","248.7","314.8","104.6","8.5","14.6","7.4","7.3","6,772.2","1,106.1","4,786.8","879.3","6,314.3","949.7","4,529.0","835.5","5,165.9","497.3","4,020.3","648.4","1,148.3","452.4","508.7","187.2","6.8","14.1","5.4","5.0","2,185.9","345.5","1,548.6","291.9","2,028.3","298.4","1,455.7","274.2","1,603.3","159.5","1,231.9","211.8","425.0","138.9","223.8","62.4","7.2","13.6","6.0","6.1"
"2005","17,292.1","2,831.5","12,119.2","2,341.5","16,123.5","2,480.4","11,421.2","2,221.9","13,155.3","1,369.5","10,050.0","1,735.8","2,968.2","1,110.9","1,371.2","486.1","6.8","12.4","5.8","5.1","4,038.0","633.6","2,887.3","517.2","3,705.5","548.4","2,674.4","482.7","3,032.3","297.4","2,358.9","376.0","673.2","251.0","315.5","106.7","8.2","13.4","7.4","6.7","6,834.1","1,097.7","4,808.7","927.8","6,381.0","944.6","4,550.7","885.7","5,220.6","486.6","4,037.4","696.6","1,160.4","458.1","513.3","189.1","6.6","13.9","5.4","4.5","2,219.7","359.3","1,536.6","323.9","2,089.7","322.9","1,458.2","308.6","1,659.2","183.0","1,239.7","236.5","430.5","139.9","218.5","72.1","5.9","10.1","5.1","4.7"
"2006","17,482.3","2,905.7","12,142.7","2,433.9","16,375.0","2,573.2","11,494.1","2,307.7","13,402.3","1,434.5","10,164.2","1,803.6","2,972.7","1,138.7","1,329.9","504.1","6.3","11.4","5.3","5.2","4,063.8","643.2","2,884.7","535.9","3,736.0","558.9","2,679.4","497.6","3,051.1","298.7","2,368.0","384.3","684.9","260.2","311.4","113.3","8.1","13.1","7.1","7.1","6,884.8","1,123.9","4,801.8","959.2","6,449.0","978.8","4,557.1","913.0","5,293.3","508.1","4,067.3","717.8","1,155.7","470.7","489.8","195.2","6.3","12.9","5.1","4.8","2,244.3","369.1","1,539.4","335.8","2,137.9","339.2","1,477.2","321.5","1,700.6","197.7","1,257.6","245.3","437.3","141.4","219.6","76.2","4.7","8.1","4.0","4.3"
"2007","17,800.0","2,960.7","12,251.1","2,588.2","16,719.1","2,636.9","11,622.1","2,460.1","13,664.9","1,454.6","10,292.6","1,917.7","3,054.2","1,182.3","1,329.5","542.4","6.1","10.9","5.1","4.9","4,124.9","653.3","2,904.2","567.5","3,824.5","573.5","2,720.6","530.3","3,110.9","298.6","2,406.2","406.2","713.6","275.0","314.5","124.1","7.3","12.2","6.3","6.6","6,974.8","1,143.4","4,816.5","1,014.8","6,526.5","999.4","4,561.4","965.8","5,336.3","507.2","4,070.4","758.7","1,190.2","492.2","491.0","207.0","6.4","12.6","5.3","4.8","2,302.9","381.7","1,560.5","360.6","2,204.3","353.0","1,503.7","347.6","1,756.9","204.5","1,286.0","266.4","447.4","148.4","217.8","81.2","4.3","7.5","3.6","3.6"
"2008","18,077.0","2,992.0","12,341.9","2,743.0","16,959.1","2,651.2","11,704.5","2,603.4","13,823.9","1,457.5","10,350.0","2,016.4","3,135.2","1,193.8","1,354.5","587.0","6.2","11.4","5.2","5.1","4,175.3","670.9","2,909.0","595.4","3,870.0","591.8","2,723.2","554.9","3,140.0","305.0","2,411.8","423.1","730.0","286.8","311.4","131.8","7.3","11.8","6.4","6.8","7,051.9","1,139.8","4,837.0","1,075.2","6,587.7","986.5","4,579.7","1,021.5","5,353.0","501.0","4,065.3","786.7","1,234.7","485.5","514.4","234.8","6.6","13.4","5.3","5.0","2,346.9","384.5","1,585.3","377.2","2,238.7","351.8","1,523.7","363.2","1,786.7","200.5","1,305.8","280.4","451.9","151.3","217.8","82.8","4.6","8.5","3.9","3.7"
"2009","18,212.1","2,925.0","12,380.8","2,906.3","16,685.3","2,487.3","11,486.0","2,712.0","13,472.9","1,312.3","10,080.6","2,080.1","3,212.4","1,175.0","1,405.4","632.0","8.4","15.0","7.2","6.7","4,205.9","664.3","2,906.4","635.2","3,842.5","566.5","2,691.1","584.8","3,116.3","281.5","2,386.8","448.0","726.2","285.0","304.3","136.8","8.6","14.7","7.4","7.9","7,062.9","1,111.6","4,828.2","1,123.0","6,415.5","921.4","4,446.0","1,048.1","5,159.8","447.6","3,912.7","799.5","1,255.7","473.8","533.3","248.6","9.2","17.1","7.9","6.7","2,370.9","370.3","1,595.7","404.9","2,187.1","319.6","1,487.7","379.8","1,710.4","169.8","1,254.4","286.1","476.7","149.8","233.2","93.7","7.8","13.7","6.8","6.2"
"2010","18,400.0","2,895.3","12,431.9","3,072.8","16,907.3","2,472.0","11,560.0","2,875.3","13,612.1","1,272.3","10,128.7","2,211.2","3,295.2","1,199.7","1,431.3","664.2","8.1","14.6","7.0","6.4","4,266.0","682.2","2,914.9","668.9","3,920.1","588.8","2,711.4","619.9","3,153.4","289.9","2,394.3","469.2","766.7","298.9","317.1","150.7","8.1","13.7","7.0","7.3","7,138.0","1,094.8","4,838.6","1,204.5","6,514.6","908.4","4,479.9","1,126.3","5,239.6","429.5","3,937.1","873.0","1,275.0","478.9","542.8","253.3","8.7","17.0","7.4","6.5","2,398.6","363.5","1,610.0","425.0","2,214.9","313.7","1,499.2","402.0","1,719.8","155.9","1,262.5","301.5","495.1","157.8","236.7","100.5","7.7","13.7","6.9","5.4"
"2011","18,574.7","2,908.8","12,450.3","3,215.6","17,171.7","2,503.2","11,659.5","3,009.0","13,869.0","1,303.2","10,237.1","2,328.8","3,302.7","1,200.1","1,422.4","680.2","7.6","13.9","6.4","6.4","4,302.8","676.1","2,919.2","707.5","3,963.5","587.2","2,723.7","652.7","3,198.8","285.1","2,413.5","500.3","764.6","302.0","310.2","152.4","7.9","13.1","6.7","7.8","7,207.3","1,113.9","4,844.4","1,249.1","6,638.2","940.8","4,525.0","1,172.4","5,360.4","458.4","3,988.0","913.9","1,277.8","482.3","536.9","258.5","7.9","15.5","6.6","6.1","2,404.4","363.0","1,604.5","436.9","2,220.3","311.4","1,498.3","410.6","1,720.8","159.0","1,257.6","304.2","499.5","152.4","240.8","106.4","7.7","14.2","6.6","6.0"
"2012","18,737.4","2,872.0","12,504.7","3,360.8","17,362.9","2,466.7","11,738.3","3,157.9","14,084.9","1,291.0","10,339.1","2,454.8","3,278.0","1,175.7","1,399.2","703.1","7.3","14.1","6.1","6.0","4,321.1","671.5","2,923.7","725.9","3,983.9","580.8","2,727.6","675.5","3,228.5","284.4","2,426.0","518.1","755.4","296.4","301.6","157.3","7.8","13.5","6.7","6.9","7,238.7","1,092.3","4,845.6","1,300.7","6,666.7","911.3","4,530.8","1,224.6","5,389.0","439.2","3,993.5","956.2","1,277.7","472.1","537.2","268.4","7.9","16.6","6.5","5.9","2,442.5","359.4","1,617.9","465.1","2,274.7","311.9","1,524.4","438.4","1,781.9","158.6","1,291.1","332.1","492.8","153.2","233.3","106.3","6.9","13.2","5.8","5.7"
"2013","18,932.6","2,873.9","12,531.4","3,527.3","17,585.1","2,487.0","11,785.6","3,312.5","14,240.9","1,294.5","10,374.7","2,571.7","3,344.2","1,192.5","1,410.9","740.8","7.1","13.5","6.0","6.1","4,360.0","666.8","2,902.2","791.0","4,026.4","581.7","2,714.4","730.3","3,250.2","278.5","2,403.8","567.9","776.2","303.2","310.6","162.4","7.7","12.7","6.5","7.7","7,325.1","1,105.6","4,871.0","1,348.5","6,768.1","930.2","4,564.2","1,273.6","5,449.1","442.6","4,015.4","991.1","1,318.9","487.6","548.8","282.5","7.6","15.9","6.3","5.6","2,453.7","358.4","1,620.7","474.5","2,291.0","311.7","1,531.0","448.3","1,801.8","165.8","1,301.7","334.3","489.2","145.9","229.3","114.0","6.6","13.0","5.5","5.5"
"2014","18,997.5","2,867.6","12,484.2","3,645.7","17,677.2","2,489.7","11,756.2","3,431.2","14,277.4","1,275.8","10,350.2","2,651.4","3,399.8","1,214.0","1,406.1","779.8","6.9","13.2","5.8","5.9","4,343.3","658.1","2,865.3","819.8","4,005.0","573.0","2,671.5","760.5","3,201.0","261.9","2,368.3","570.9","803.9","311.1","303.2","189.6","7.8","12.9","6.8","7.2","7,345.3","1,112.5","4,818.3","1,414.5","6,809.1","943.4","4,528.3","1,337.4","5,486.6","450.7","3,994.6","1,041.3","1,322.5","492.7","533.7","296.1","7.3","15.2","6.0","5.5","2,482.8","363.1","1,637.9","481.8","2,331.6","321.9","1,553.1","456.6","1,829.5","168.4","1,316.2","344.9","502.1","153.5","236.9","111.7","6.1","11.3","5.2","5.2"
"2015","19,120.7","2,840.0","12,512.7","3,768.0","17,794.0","2,473.8","11,775.3","3,544.9","14,440.5","1,282.2","10,377.7","2,780.6","3,353.5","1,191.6","1,397.7","764.2","6.9","12.9","5.9","5.9","4,368.7","651.4","2,870.9","846.5","4,034.6","569.3","2,681.3","784.0","3,237.7","260.5","2,366.6","610.7","796.9","308.9","314.7","173.3","7.6","12.6","6.6","7.4","7,343.0","1,091.4","4,801.2","1,450.4","6,845.4","935.2","4,532.0","1,378.2","5,557.4","461.8","4,007.3","1,088.3","1,288.0","473.5","524.6","289.8","6.8","14.3","5.6","5.0","2,527.2","361.0","1,658.5","507.7","2,371.0","319.7","1,572.2","479.1","1,882.9","170.9","1,345.8","366.2","488.0","148.8","226.3","112.9","6.2","11.4","5.2","5.6"
"2016","19,270.3","2,794.8","12,539.0","3,936.5","17,911.6","2,435.8","11,781.4","3,694.4","14,473.6","1,252.6","10,364.7","2,856.3","3,438.0","1,183.1","1,416.8","838.1","7.1","12.8","6.0","6.2","4,370.0","633.6","2,867.3","869.1","4,056.7","555.5","2,690.1","811.0","3,275.3","256.2","2,388.4","630.7","781.4","299.3","301.7","180.3","7.2","12.3","6.2","6.7","7,408.9","1,077.3","4,814.1","1,517.5","6,921.4","929.3","4,550.4","1,441.8","5,610.5","466.6","4,024.1","1,119.8","1,310.9","462.6","526.2","322.0","6.6","13.7","5.5","5.0","2,612.1","366.4","1,682.5","563.2","2,453.5","329.3","1,591.4","532.9","1,928.5","170.9","1,357.2","400.4","525.0","158.4","234.2","132.5","6.1","10.1","5.4","5.4"
"2017","19,530.3","2,829.8","12,634.6","4,065.8","18,281.1","2,506.1","11,942.4","3,832.6","14,772.1","1,272.5","10,527.7","2,971.9","3,509.0","1,233.6","1,414.7","860.6","6.4","11.4","5.5","5.7","4,428.3","623.2","2,895.8","909.4","4,158.6","561.0","2,740.4","857.2","3,349.9","255.5","2,430.0","664.5","808.7","305.6","310.4","192.7","6.1","10.0","5.4","5.7","7,506.5","1,106.2","4,836.8","1,563.5","7,052.5","971.7","4,588.7","1,492.1","5,713.2","487.4","4,056.1","1,169.7","1,339.3","484.3","532.6","322.4","6.0","12.2","5.1","4.6","2,693.5","391.9","1,721.2","580.4","2,554.4","358.3","1,644.7","551.5","2,010.0","185.6","1,414.1","410.3","544.4","172.7","230.5","141.2","5.2","8.6","4.5","5.0"
"2018","19,732.0","2,851.0","12,713.3","4,167.7","18,568.0","2,541.2","12,078.2","3,948.7","15,086.9","1,326.3","10,682.4","3,078.2","3,481.1","1,214.8","1,395.8","870.4","5.9","10.9","5.0","5.3","4,467.2","623.2","2,901.3","942.7","4,221.7","564.9","2,765.6","891.3","3,431.2","267.1","2,467.6","696.5","790.5","297.8","298.0","194.8","5.5","9.4","4.7","5.5","7,608.9","1,126.7","4,882.5","1,599.7","7,173.3","994.1","4,648.4","1,530.8","5,845.7","511.7","4,127.9","1,206.0","1,327.6","482.4","520.5","324.8","5.7","11.8","4.8","4.3","2,718.9","392.8","1,734.2","591.9","2,589.9","362.2","1,662.1","565.6","2,040.9","191.7","1,427.2","422.0","548.9","170.4","235.0","143.6","4.7","7.8","4.2","4.5"
"2019","20,139.7","2,910.0","12,897.4","4,332.4","18,985.6","2,590.7","12,283.5","4,111.4","15,377.4","1,324.4","10,876.5","3,176.5","3,608.2","1,266.3","1,407.0","934.9","5.7","11.0","4.8","5.1","4,541.2","642.1","2,927.1","972.0","4,308.1","587.3","2,799.3","921.4","3,488.9","265.7","2,510.7","712.5","819.2","321.6","288.6","209.0","5.1","8.5","4.4","5.2","7,816.3","1,152.3","4,985.6","1,678.4","7,376.9","1,014.5","4,754.8","1,607.7","6,000.3","513.7","4,232.2","1,254.4","1,376.6","500.7","522.6","353.2","5.6","12.0","4.6","4.2","2,798.1","400.0","1,776.2","622.0","2,666.4","363.5","1,707.2","595.8","2,088.9","189.3","1,458.6","441.0","577.5","174.2","248.6","154.7","4.7","9.1","3.9","4.2"
"2020","19,896.6","2,775.5","12,807.8","4,313.3","17,999.2","2,218.1","11,809.6","3,971.5","14,753.1","1,153.1","10,495.9","3,104.2","3,246.1","1,065.0","1,313.7","867.3","9.5","20.1","7.8","7.9","4,497.8","625.7","2,910.5","961.6","4,099.6","518.1","2,699.3","882.2","3,387.4","241.4","2,448.9","697.1","712.3","276.7","250.4","185.2","8.9","17.2","7.3","8.3","7,766.0","1,099.7","4,962.4","1,704.0","7,021.6","857.6","4,579.6","1,584.4","5,797.4","460.0","4,088.7","1,248.7","1,224.3","397.6","491.0","335.7","9.6","22.0","7.7","7.0","2,735.3","366.3","1,752.3","616.8","2,491.1","298.3","1,620.8","571.9","1,965.7","149.6","1,397.0","419.1","525.4","148.7","223.8","152.8","8.9","18.6","7.5","7.3"

Symbol legend:

Footnotes:
1,"To ensure respondent confidentiality, estimates below a certain threshold are suppressed. For Canada, Quebec, Ontario, Alberta and British Columbia suppression is applied to all data below 1,500. The threshold level for Newfoundland and Labrador, Nova Scotia, New Brunswick, Manitoba and Saskatchewan is 500, while in Prince Edward Island, estimates under 200 are supressed. For census metropolitan areas (CMAs) and economic regions (ERs), use their respective provincial suppression levels mentioned above. Estimates are based on smaller sample sizes the more detailed the table becomes, which could result in lower data quality."
2,Excluding the territories.
3,"Industry refers to the general nature of the business carried out by the employer for whom the respondent works (main job only). If the individual did not have a job during the reference week, the data relate to the previous job, if that job was held in the past year. Those unemployed persons who have never worked before and those persons who last worked more than 1 year ago make up the ""unclassified"" category in this table. In January 1999, the industry classification switched from Standard Industrial Classification (SIC 1980) to North American Industrial Classification System (NAICS), which was quite different. For this reason, detailed historical data based on NAICS is provided going back to January 1987. In addition, data from 1976 to 1986 is provided at a less detailed level than the more recent data. Historical data have been created by imputation. From 1976 to 1986, estimates are based on 2002 NAICS. From 1987 onwards, industry estimates are based on the 2017 North American Industry Classification System (NAICS)."
4,"Number of civilian, non-institutionalized persons 15 years of age and over who, during the reference week, were employed or unemployed. Estimates in thousands, rounded to the nearest hundred."
5,"Number of persons who, during the reference week, worked for pay or profit, or performed unpaid family work or had a job but were not at work due to own illness or disability, personal or family responsibilities, labour dispute, vacation, or other reason. Those persons on layoff and persons without work but who had a job to start at a definite date in the future are not considered employed. Estimates in thousands, rounded to the nearest hundred."
6,"Full-time employment consists of persons who usually work 30 hours or more per week at their main or only job. Estimates in thousands, rounded to the nearest hundred."
7,"Part-time employment consists of persons who usually work less than 30 hours per week at their main or only job. Estimates in thousands, rounded to the nearest hundred."
8,"The unemployment rate is the number of unemployed persons expressed as a percentage of the labour force. The unemployment rate for a particular group (age, sex, marital status, etc.) is the number unemployed in that group expressed as a percentage of the labour force for that group. Estimates are percentages, rounded to the nearest tenth."
9,This combines the North American Industry Classification System (NAICS) codes 11 to 91.

"How to cite: Statistics Canada. Table 14-10-0023-01 Labour force characteristics by industry, annual"
https://www150.statcan.gc.ca/t1/tbl1/en/tv.action?pid=1410002301
DOI: https://doi.org/10.25318/1410002301-eng